id;lineup
2376041;"Solomun; Mind Against; Butch; VANROOSE"
2386758;"Solomun; Chloé Caillet"
2386759;"Solomun; Idris Elba"
2386761;Solomun
2400951;"Amaliah; Bushbaby; Call Super; Chloé Caillet; Danielle; Francesco Del Garda; HALFPINT; Lu.Re; Luciano; Nyra"
2329350;"Armin van Buuren; Beatrice M.; Dean Bryce; Diplo; Busy P; Tatyana Jane; Disclosure; DRUMS AND CHANTS; DYEN; Enrico Sangiuliano"
2386763;"Solomun; Skrillex"
2386767;"Solomun; Jamie xx"
2386769;"Solomun; Peggy Gou"
2229702;"Chris Stussy; Mochakk; David Löhlein; Dennis Cruz; Joseph Capriati; DJ Gigola; DJ Hyperdrive; Gerd Janson; I Hate Models; KUKO"
2386771;"Solomun; Anyma"
2378244;"Solomun; Michael Bibi; Chris Stussy; Patrischa; Daughter In Law"
2386772;"Solomun; Dixon"
2386774;Solomun
2386776;"Solomun; DJ Gigola"
2375358;"Anyma; Solomun; Son of Son; Henri Bergmann"
2386777;"Solomun; Max Styler"
2353196;"2ManyDJs; Alinka; Amaliah; Anish Kumar; ATRIP; BASHKKA; BELLA (NL); Ben UFO; Big Ang; Bradley Zero"
2386779;"Solomun; Barry Can't Swim"
2386780;Solomun
2395557;"Bicep; Theo Parrish; Daphni; Skee Mask; Smerz; Avalon Emerson; Octo Octa; Eris Drew; Marcel Dettmann; Sandwell District"
2407367;"Four Tet; Loukeman; DJ Frog"
2323058;"Four Tet; Aurora Halal; Barker; Ben UFO; Gilles Peterson; Sofia Kourtesis"
2292225;"Skrillex; Four Tet; Faithless; Scooter; Shaggy; EVE (1); 999999999; Antony Szmierek; Brutalismus 3000; Camo & Krooked"
2442421;"The xx; Moby; Dijon; Blood Orange; Lykke Li; DJ Koze; Terra; Four Tet; Oklou; MC Yallah"
2420835;Four Tet
2461250;"Airwolf Paradise; Azzecca; Baby J; Bassvictim; Beltran; Ben Sterling; Ben UFO; Channel Tres; Clearcast; Daphni"
2391434;"Skrillex; The Blessed Madonna; Four Tet; Dom Dolla; KETTAMA; Seth Troxler"
2428241;"Adam Port; Beltran; Ben Sterling; Four Tet; horsegiirL; Kelela; KI/KI; PAWSA; Tokischa; Tricky"
2391964;"Kolsch; Alyssa & Gia; Carl Bergé; Joëlla Jackson; JANE RYSE; KIRSCH"
2365299;"Dombresky; DREYA; Kolsch; Wade"
2292304;"CamelPhat; Rødhåd; MARRØN; Adam Ten; Kolsch; Ben Sims; Ogazón; Dyed Soundorom; Adriana Ruas; Catarina Silva"
2426726;"Kolsch; Ashibah; Kariina; SKAI (LT); Desaint (DK); Ena Cosovic"
2416757;"2HOT2PLAY; 3LEEZA; HANÀ; 999999999; A.N.I.; Adam Beyer; Adrian Mills; AKA AKA; Alfred Heinrichs; Alicia Hahn"
2412317;"Deco (BE); Mahmut Orhan; Hugel; Shimza; Mall Grab; Indira Paganotto; Hardwell; Kolsch; Miss Monique; Nicky Romero"
2354081;"Deer Jade; Eridu; Greg S; Helsloot; IOSIO; Julian Fijma; Kolsch; Lusago; MALUGI; Manillo"
2404373;"Kolsch; Klangphonics; Tonic Walter; Marek Hemmann; Anthony Rother; Kid Simius; Gregor Tresher; Karotte; Thomas Lizzara; Kaiserdisco"
2302716;"AAT (NL); Adam Ten; Alarico; Alexia Glensy; Ammé; Argia; ATRIP; Bart Skils; Bastienne; Ben Klock"
2431451;"Kolsch; Denes Toth"
2370306;"Kolsch; Gorgon City; Paco Osuna; The Menendez Brothers; Raul Rodriguez"
2442229;"Kolsch; Viken Arman; Kiriku"
2426743;"Andhim; Agoria; Friction; Kolsch; Mind Against; T & Sugah; tnt (1); The Prototypes; Vieze Asbak; Vortek's"
2367184;"Francis Mercier; Kolsch; Patrick Mason; KILIMANJARO; Bantu; Andrea Oliva; HoneyLuv; Cincity"
2431471;"Argy; Miss Monique; Kolsch"
2365334;"De La Swing; Kolsch; Joris Voorn; Rendher"
2370928;"Monolink; Be Svendsen; Deer Jade; Kitty Amor; Ben Böhmer; Sarah Andersson; EmblaEliza; Layer J; Moontalk"
2369436;"Anyma; Mind Against; Ben Böhmer; Woo York; 8KAYS; Kasia (OFC); Stylo"
2455800;"Ben Böhmer; Jan Blomqvist; Bloem; unders; Nasiri; Words of Niō"
2398177;Ben Böhmer
2407072;"Zelev (CH); Chami; DJ Nobu; Madame Roche; Daughter In Law; LP Giobbi; AUBE; Melanie Havens; Richelle Soigni; Daniel Monaco"
2381872;"Ben Böhmer; Rezident"
2327122;"2HOT2PLAY; A.N.I.; Basswell; Onlynumbers; Ben Böhmer; CamelPhat; Charlie Sparks; Cleopard2000; Trancemaster Krause; Deborah De Luca"
2442183;"Super Flu; Luca Saporito (Audiofly)"
2415331;"Super Flu; Don Cabron; GALAGO (BE); Jaxter"
2437317;"Andhim; BARON (FR); Bontan; HotLap; Julia Linkogel; Marten Lou; Solah; Super Flu; Alci; bergmans"
2401380;Super Flu
2442240;"Jan Blomqvist; Christian Löffler; Deer Jade; Super Flu; Igor Marijuan; Isadora; Rayco Santos"
2439416;"Super Flu; Solee; Prismode; Solvane; Wanda Wild"
2426450;"Einmusik; Super Flu; Prismode; Solvane; Markus Klee; Malouna; Cris-H"
2428400;"Lexy & K-Paul; Super Flu; Prismode; Solvane; Markus Klee; Malouna"
2337646;"Antonym; Arman John; Bad Boombox; Cara Elizabeth; Clara Cuvé; Cloudy; Nikolina; David Löhlein; davyboi; Trancemaster Krause"
2453633;"Adrian Mills; ANOTR; CamelPhat; Dennis Cruz; Ilario Alicante; Jamback; Loco Dice; Marco Carola; Melanie Ribbe; Natalia Roth"
2319952;"Serafina; HUJUS; zwilling.; Fronsi; David Löhlein; Adrian Mills; Bárbara Lago; BIXBITA"
2359520;"Joseph Capriati; Max Dean; Sidney Charles; Karretero; Yanamaste; Serafina; Elisa Bee; MØSENGGE"
2312934;"999999999; AAT (NL); Adam Beyer; Adam Ten; Adiel; Adrian Mills; Adriatique; Akua; Henning Baer; Alan Fitzpatrick"
2303501;"Ben Techy; Cara Elizabeth; Clara Cuvé; DANIQUE; davyboi; Divasi; Fantasm; Johannes Schuster; KARAH; KLOFAMA"
2329705;"Argy; Armin van Buuren; Axwell; The Chainsmokers; Charlotte de Witte; Don Diablo; Felix Jaehn; FISHER; R3hab; Scooter"
2359523;"Joseph Capriati; Max Dean; Patrick Topping; Salomé Le Chat; Us Two; Yanamaste; Alarico; Serafina; CESAR ALMENA"
2441249;"999999999; Somewhen; Serafina; CALLUSH"
2329592;"Adrian Mills; Cloudy; Alarico; SHDW; Amelie Lens; AMORAL; Rene Wise; ATRIP; STÜM; Bad Boombox"
2359528;"Joseph Capriati; Cloonee; Traumer; Amedeo Picone; Ben Klock; Alarico; Serafina; Antonio Pepe"
2408194;"1991 (UK); 909 RACING TEAM; Aaron Hibell; A.N.I.; Adrian Mills; AKKI (DE); Alba Franch; Alignment; Andromedik; Anna Reusch"
2390938;"999999999; Adrian Mills; fumi (DE); Serafina; Matroda; ANNA; Traumer; Anyma; Azzecca; Bad Boombox"
2427523;"Adrian Mills; Aiden (DE); Bad Boombox; Clara Cuvé; Cloudy; Conrad Taylor; Dalton Taylor; David Löhlein; Daybreak; Diossa"
2430142;"Serafina; zwilling.; WILDERÍCH; ANXHELA; BYØRN; AMMARA; Part Time Killer; EMILIJA; JOKESONYOU; Mon Franco"
2445692;"Serafina; zwilling.; WILDERÍCH; ANXHELA; AMMARA; Part Time Killer; EMILIJA; JOKESONYOU; Mon Franco; Shani"
2384560;Serafina
2408179;"Ellen Allien; Elli Acula; Gregor Tresher; Len Faki"
2264774;"A.M.C.; Âme; Trikk; ARODES; Bad Boombox; Ben Klock; Blazej Malinowski; Boys Noize; Breakage; MC GQ"
2325662;"Arman John; BIIANCO; David Löhlein; EMILIJA; Mija; Mischluft; Pegassi; Simone; Cera Khin; Daria Kolosova"
2361290;"Sven Vath; Richie Hawtin; Nina Kraviz; Len Faki; Dana Ruh; Mateo Dufour"
2372751;"ALI3N; Blue Hour; DJ TOOL; Kameliia; Len Faki; Matrixxman; nthng; Stephanie Sykes; Vincent Neumann; Carl Bergé"
2433765;"Alarico; AMORAL; Len Faki; Phase Fatale"
2316185;"999999999; &ME; Adrian Mills; Agents Of Time; Anetha; AVAION; Blasha & Allatt; Blck Mamba; Carlita; Cloudy"
2460158;"Len Faki; Alba Heidari"
2297652;"Kangding Ray; Gus Gus; Charlotte de Witte; Rødhåd; Rene Wise; Oscar Mulero; Josh Wink; Be Svendsen; Blawan; DJ Hell"
2377556;"The Orb; Actress; Ange Halliwell; Blawan; Calm; Colin Benders; DJ Food; Etienne Jaumet; Franco B; Ghost Dubs"
2440911;"Akua; Colin Benders; Estella Boersma; Stephanie Sykes"
2244322;".VRIL; Afra; Akua; Andy Martin; Anthony Linell; BASHKKA; Benjamin Damage; Call Super; Carlos Valdes; Convextion"
2446534;"Alarico; ANNĒ; Asarri; BIDOBEN; BLANKA; Caniche; Cleric; Colin Benders; Daria Kolosova; Dasha Rush"
2351984;"A Guy Called Gerald; Actress; Carl Craig; Al Wootton; Azu Tiwaline; Alex Wilcox; AMORAL; Aurora Halal; aya; Barker"
2458162;"Channel One; Colin Benders; Al Wootton; Azu Tiwaline; AMORAL; Aurora Halal; aya; Batu; Ben UFO; Brodinski"
2350920;"1morning; Regal86; AliA; Amalie; Andy Martin; Azo; Ben Klock; Bobbi Watson; Border One; Chlär"
2380229;"Acid Rebels; BORIS BOUNCE; Colin Benders; Esther Dune; Hashashin; JDMA; RUL3; slin"
2401620;"Colin Benders; Ada Kaleh"
2457970;"FENIM0RE; Beste Hira"
2436489;"Beste Hira; Decoder; Jesse G; MARRØN; Pink Concrete; Richard Akingbehin; Rødhåd; Ben Klock; Chloé; Edward"
2433761;"Stef Mendesidis; Beste Hira; JERM"
2429130;"Beste Hira; Pink Concrete; Victor (DE); Zeina"
2417850;"ALIS.; André Dancekowski; Angel D'lite; Beste Hira; Ellen Allien; fbi (1); Fasme; Main Phase; maša (SI); Sansibar"
2453385;"Kwartz; Beste Hira; Joton; SAINT SINNER"
2395156;"2THEMAX; aantz; Aaro (2); Aaron Blau; ābnamā; Acidnena; ADAM MUNNINGS; Alex Hawthorn; Alírio; AMORAL"
2449871;"abs8lute; Adlas; Aurora Halal; Blasha & Allatt; Kasper Marott; Tasha; Zisko; Beste Hira; Binh; Gerd Janson"
2444343;"James Holden; Surgeon; Kuniyuki; Satoshi Tomiie; DJ Sprinkles; Actress; Carl Craig; Beste Hira; Bitter Babe; Blasha & Allatt"
2348864;"Altinbas; Astrix; AVALON; Be Svendsen; Beste Hira; Blazej Malinowski; Spectribe; Caleesi; Sarah Kreis; D-Nox & Beckers"
2460456;"Alba Heidari; Beste Hira; Freddy K; Sons Of Hidden"
2408247;"Beste Hira; Koboyo; Carmen Electro; Obscure Shape; DJ SEXSTASY; Madman; Estella Boersma; Grace Dahl; Miguelito; MARRØN"
2367792;"Dom Dolla; Ewan McVicar"
2309886;"30drop; Addison Groove; Akua; Alba Franch; Amaliah; Pangaea; Amanda Mussi; Amelie Lens; ANNĒ; Arp Frique"
2367797;"Dom Dolla; Ewan McVicar; DJ Seinfeld; Ludmila Di Pasquale"
2367799;"Dom Dolla; Ewan McVicar; bullet tooth; Rio Tashan"
2403924;"FISHER; Dom Dolla; Mau P; MPH (1); Notion; Oppidan; Bambii; Borne (US); bullet tooth; Champion"
2403927;"FISHER; Mau P; Marlon Hoffstadt; Hedex; MPH (1); Nia Archives; Notion; Oppidan; TroyBoi; TSHA"
2367800;"Dom Dolla; Ewan McVicar; Special Request"
2367802;"Dom Dolla; Ewan McVicar; Ghoulish; Cody Currie"
2367803;"Dom Dolla; Ewan McVicar; Bradley Zero; Alinka"
2367826;"Dom Dolla; Ewan McVicar; Dan Shake; Tarzsa"
2367830;"Dom Dolla; Ewan McVicar; DART"
2353104;Dom Dolla
2367832;"Dom Dolla; Ewan McVicar; Chaos In The CBD; DJ Paulette"
2322876;"Florence And The Machine; ANNA; Antony Szmierek; BIIA; Cassia; Dijon; Dom Dolla; Indira Paganotto; JAZZY (2); Joris Voorn"
2367833;"Dom Dolla; Ewan McVicar; Sally C"
2367835;"Dom Dolla; Ewan McVicar; LAMMER; Cinthie"
2367837;"Dom Dolla; Ewan McVicar; Sasha; Spray"
2466189;"Charlotte de Witte; DJ Snake; Dom Dolla; Above & Beyond; Martin Garrix; Vintage Culture; I Hate Models; Miss Monique; &friends"
2301801;"Caribou; Soulwax; Honey Dijon; Groove Armada; Max Cooper; Moodymann; Claptone; 2ManyDJs; Kojaque; Christian Löffler"
2449038;"Moodymann; Lee Kelly; Ben Klock; Miss Kittin; Sunil Sharpe; Cailín"
2453341;"Moodymann; Nesta; Andrea Fiorito"
2324101;"AGELESS; Ben Sterling; Carl Craig; ERNO (US); Flo Real; Hiroko Yamamura; Jonny Rock; Krystal Klear; Matthew Dear; Mike Banks"
2448975;"Carl Craig; Mike Banks; Moodymann"
2375093;"Carl Craig; Flo Real; Moodymann; Ryan O Gorman"
2437940;"Moodymann; Eli Escobar; Disciple"
2356369;"A Guy Called Gerald; Alex Neri; Pancratio; Baby Rollén; BASHKKA; Ben UFO; Black Loops; Innocent Soul; Carl Craig; Moodymann"
2362445;"2fox; Aline Rocha; Arielle Free; Aroop Roy; Benji King; Blackchild; Breakbot; Irfane; Carl Craig; Cinthie"
2353227;"Daisybelle; Flight Facilities; Groove Armada; Honey Dijon; Derrick Carter; Moodymann; Carl Craig; Yasmin"
2446666;"Moodymann; Tom Kutsche; Willy Soul; Flo Real"
2398880;Moodymann
2403632;"Björk; Peggy Gou; Chloé Caillet; Daphni; Donato Dozzy; Floating Points; Honey Dijon; Job Jobse; Kelly Lee Owens; Moodymann"
2445998;"Overmono; James Blake; Joy Orbison; Aurora Halal; DR MYSTERY; Special Guest (US); Andy C; Moodymann; Blawan; DJ SET (Uk)"
2449860;"Young Marco; Samo; Lui (6); HIZAT; PIRANHA; Kasumisty; CLESENT"
2457933;"Young Marco; Mogwaa; NIMNOI; Yoel; Kyuchan"
2463687;"Erol Alkan; Optimo (Espacio); Chloé; INKASSO; Special Request; Young Marco; Anz"
2344354;"ANOTR; Young Marco; Alci; Dan Ghenacia; D'Julz; Julian Anthony; Mateo Dufour; Natalia Roth; Rooléh"
2300438;"Alex Kassian; Another Taste; Antal; Aurora Halal; BASHKKA; Bordello; Call Super; CARISTA; Cassy; Carlos Valdes"
2414655;"Young Marco; THC; DHC; Jennifer Loveless"
2420483;"1tbsp; Adiel; Quelza; Bambi (FR); Benga; Flowdan; Boys Noize; SALOME; Channel Tres; Busy P"
2409448;"Antdot; Avalon Emerson; Ben UFO; Benwal; Betical; Bibi Seck; Faisal; bullet tooth; Capoon; Catalina"
2400958;"&ME; Arapu; Call Super; Chloé Caillet; Konstantin; Luciano; Nicolas Lutz; O.BEE; Omar+; Priku"
2357461;"BASHKKA; OK Williams; Dj Babatr; Benwal; Carlos Valdes; CARISTA; Jyoty; dirtydms; Helmond Lang; Fafi Abdel Nour"
2422593;"ALISHA; Jamie Jones; Joseph Capriati; Loco Dice; Mark Broom; Octave One; Pan-Pot; Partiboi69; Sidney Charles; Traumer"
2292112;"Alex Kassian; Alfred Anders; AMORAL; Antal; BADSISTA; BASHKKA; Benji B; Binh; Vladimir Ivkovic; Blasha & Allatt"
2371039;"CamelPhat; Âme; Trikk; meera; Ewan McVicar; Young Marco; Ella Knight"
2364558;"Job Jobse; Courtesy; fka.m4a; Valeby; Schwesta P; Redfocks"
2454662;Job Jobse
2400948;"Aurora Halal; DJ Koze; DJ Tennis; FLETCH; JNJS; Job Jobse; Joss Dean; Miguelle; TONS; Mochakk"
2339461;"Aayna; Alycia Bezgo; NMSS; André Dancekowski; Arter; Ava Eva; VTT (BE); Ays (NL); Benwal; Bibi Seck"
2291895;"A For Alpha; Adam Curtain; Adi (CO); Alex Kassian; Andrija Mlacovic; Apiento; Aria Santillana; Armând; babyschön; Baldo"
2450200;"Laurent Garnier; Job Jobse; Roi Perez; GRETA (2); Kapote; Arpy Brown; Gee Lane; ALOT"
2458255;"Jane Fitz; Jeff Mills; Sampha; A Guy Called Gerald; Alex Wilcox; Ben UFO; Call Super; Objekt; Pariah; Benny Rodrigues"
2236226;"ALCATRAZ; Confidence Man; D. Tiffany; dj g2g; DJ Gigola; DJ Heartstring; HAAi; Helena Hauff; James Newmarch; Job Jobse"
2318797;"Aldonna; Alycia Bezgo; ØTTA; ANOTR; Ape Drums; Arter; séa (BE); Asian Sal; BASHKKA; BAVR"
2403796;"Alex Kassian; Eoin DJ; Jessica Nightlife; Job Jobse; LIA; limbic sis"
2465223;"Doudou MD; Emmz; Emvae; Moxes; Job Jobse; LAMMER; SAIDAH; Sam Alfred"
2442640;Job Jobse
2230598;"Patrice Bäumel; Nuno dos Santos; Acid Pauli; Ajuma; Alberta Balsam; Alec Dienaar; Altinbas; Âme; ATRIP; LAMMER"
2425980;"Anz; Bakey; bullet tooth; Camille Doe; Club Angel; DJ Cosworth; DJ Seinfeld; Dr Dubplate; Faster Horses; HAAi"
2367725;"Indira Paganotto; BEC; Steve Sai; DjSteph"
2392626;"Indira Paganotto; Héctor Oaks; Avalon Emerson; Helena Hauff; DJ Stingray 313; Sedef Adasï; Gabbs; PARAMIDA; Giammarco Orsini; DJ Senc"
2366979;"MËSTIZA; Les Castizos; Derun; Indira Paganotto; Chris Liebing; ONYVAA; Anna Unusyan"
2371076;"Adriatique; Mind Against; Ben Sterling; Julya Karma; Kevin de Vries; Colyn; ARODES; Vomee; Marian Ariss; Indira Paganotto"
2366984;"MËSTIZA; Floyd Lavine; Pomboklap; Indira Paganotto; Héctor Oaks; NEGITIV"
2366986;"MËSTIZA; MoBlack; OTTMANN; Indira Paganotto; Clara Cuvé; Alignment; SANEM"
2417984;"CamelPhat; Indira Paganotto; SPFDJ; Ben Klock"
2418293;"CamelPhat; Indira Paganotto; Valentino; Patrick Mason; Ramiro Lopez"
2418295;"CamelPhat; Indira Paganotto; BIIA; Marhu"
2418297;"CamelPhat; Indira Paganotto"
2435830;"Indira Paganotto; Valentinø; Gianni Di Bernardo; SANEM; Paquita Gordon; Germano Ventura; ANDREA SALVAGGIO"
2418299;"CamelPhat; Indira Paganotto; Paolo Ferrara; Valentino; BEC"
2398051;"Adiel; Quest; Alarico; Yanamaste; Ana Pacheco; Mingote; Backbone; Jesterr; Ben Klock; Rødhåd"
2418300;"CamelPhat; Azyr; Indira Paganotto; BIIA"
2418302;"CamelPhat; Charlie Sparks; Indira Paganotto; Sam Paganini; R.Korner"
2390274;"Indira Paganotto; SANEM; MaMo"
2463551;"Loco Dice; Yaya"
2408427;"Marco Carola; Loco Dice; Mau P; Camila Jun"
2344348;"Ilario Alicante; Loco Dice; Melanie Ribbe; Paco Osuna; Andrew Azara; Merissa Mahilaa; Nick Curly"
2463833;"Loco Dice; Alex Neri; I.g.n.a.; Philipp"
2444625;"Loco Dice; Harvy Valencia; Ms. Mada; slugg"
2365641;"Black Coffee; Jimi Jules; meera; Skepta; Loco Dice; SYREETA"
2365282;"FISHER; Loco Dice; Rafael Cerato"
2455938;"Loco Dice; Sosa; Joëlla Jackson; AJ Christou; Ricky Montanari; Cirillo"
2365355;"Jamie Jones; Loco Dice; Hot Since 82; Chelina Manuhutu; Antss; Elliot Schooling; Liam Palmer; Mad.Again (2)"
2449310;"Loco Dice; Seth Troxler; Victor Calderone"
2436979;"Loco Dice; Archie Hamilton"
2390704;"Carl Cox; Loco Dice; Ben Sterling; Mita Gami; John Digweed; Tini Gessler; DJ Vibe"
2353326;"Adiel; Adriatique; Alarico; Yanamaste; Andres Campo; Ben Sims; Oscar Mulero; Chlär; Dany Gómez; Karretero"
2427857;"Adiel; Adriatique; Alarico; Yanamaste; Andres Campo; Ben Sims; Oscar Mulero; Chlär; Dany Gómez; Karretero"
2415052;"Carl Cox; Loco Dice; Nic Fanciulli; Chelina Manuhutu; Jon Rundell"
2365518;"Carl Cox; Dennis Cruz; Loco Dice; Mita Gami; Karretero; PAUZA; Melon Bomb"
2365374;"Jamie Jones; Loco Dice; Damian Lazarus; Calvin Clarke; SYREETA; Josh Dean; Ciclo"
2461211;"Maceo Plex; Zakes Bantwini; Alexandthere"
2411805;"Maceo Plex; DJ Tennis"
2404681;"DJ Tennis; Maceo Plex; MUSCLECARS; Danny Daze; Andi; Arvin T"
2370951;"Maceo Plex; Âme; Radio Slave; Anthony Rother; Mack Loenz"
2370287;"Maceo Plex; Fleur Shore; Francisco Allendes; Joe Rolét; Raul Rodriguez"
2429080;"Maceo Plex; ANT Mifsud"
2455403;"Maceo Plex; Henri Bergmann; Madben"
2448211;"Maceo Plex; Christian Nielsen"
2431781;Maceo Plex
2391319;"Maceo Plex; Marcel Dettmann; Manolaco"
2365499;"Carl Cox; Andrea Oliva; Maceo Plex; Chelina Manuhutu; VICTORIA WHYNOT; Melon Bomb"
2436639;"Maceo Plex; Âme; Fedele; Julya Karma"
2378909;"10cust; 1tbsp; Alarico; Yanamaste; Adiel; Quest; Matroda; Amelie Lens; Andy C; Alive"
2384271;"Adam Beyer; Eric Prydz; Maceo Plex; Yulia Niko; Airrica"
2342023;"DJ Snake; Martin Garrix; PLK; Amelie Lens; Nico Moreno; Mosimann; Vladimir Cauchemar; Anetha; Patrick Mason; Maceo Plex"
2409354;"Maceo Plex; Klanglos; Mark Dekoda; Sylvie Miles; OLEA; Ephy Pinkman; Blossmbae; Who is ela¿"
2421751;"Maceo Plex; Calypsis; Solvane; Malouna; Prismode; Markus Klee"
2413501;"Maceo Plex; Jino Dollini; Endorphins"
2365290;"FISHER; Maceo Plex; Marco Lys; Jason Bye"
2440476;"Adam Beyer; Bart Skils; Victor Ruiz; Kevin de Vries; Linska"
2346846;"Joris Voorn; Bart Skils; Kaufmann"
2457048;"Bart Skils; Pavel Petrov; ARDA (3)"
2431499;"MILLA; Bart Skils; Pavel Petrov; Bagerziev; Vorick; Egor Sintsoff; NERONE (2); Victor Ruiz; METODI; Peppou"
2416681;"Bart Skils; Netty Hugo; DELEY"
2460749;"Bart Skils; Luis Ripa"
2297667;"Andy Düx; ALT8; Bart Skils; L.zwo; Neon Graveyard; Nico Röhheuser; Pretty Pink; Talla 2XLC"
2448883;"Bart Skils; Oliver Huntemann; Victor Ruiz; Roger Gerressen"
2455178;Joyhauser
2366897;"Meduza; James Hype (UK); Fiona Kraft; Kitty Amor; PAUZA; Colyn; Recondite; Andro"
2384616;Colyn
2365236;"John Summit; Eli Brown; Colyn; Bender"
2375351;"Anyma; Rampa; Colyn; Stylo"
2449951;"Colyn; Stavroz"
2450489;"Agents Of Time; Alan Fitzpatrick; Anil Aras; Anna Reusch; Benny Rodrigues; Cici Daze; Collé; Colyn; DIØN; Easttown"
2375366;"Anyma; Cassian; Kevin de Vries; Colyn; Innellea; Agents Of Time"
2447557;"Aria Santillana; Commissar  Lag; IMOGEN; Josh Reid; Josiane; Kedi Bounce; Npoint_O; Sunil Sharpe; TAUREAN (2)"
2454491;"Sunil Sharpe; Jerome Hill; Fear-E; Shadesy"
2444310;"Jaap Liebregt; Schöne; Meda-Ava; Vera Grace"
2441522;Rossi
2305029;"Rossi; Traumer; The Ghost; Locklead; Jamback; Kepler; Burnski; PACH; Marlie; Captain Wallop"
2409874;"CARISTA; Dennis Cruz; DJ Tennis; Elliot Schooling; Franky Rizardo; Jamback; Liam Palmer; Mau P; Michael Bibi; PARAMIDA"
2199929;"Calvin Harris; Sammy Virji; Skepta; Chris Stussy; Josh Baker; Nia Archives; KETTAMA; Rudimental; Marlon Hoffstadt; ¥ØU$UK€ ¥UK1MAT$U"
2424514;"Rossi; Julian Anthony"
2357580;"Alexia Glensy; Diffrent; Helena Lauwaert; SAIDAH; Kyle Starkey; Ogazón; Quest (IT); Rossi; Silva Bumpa; Benny Rodrigues"
2320346;"ANOTR; malix; Mau P; Rossi; Rooléh; Seth Troxler; The Martinez Brothers; Toman; Alci; FLETCH (GB)"
2449263;Rossi
2419719;"Enzo Siragusa; Traumer; Kepler; Locky; Miller; Rossi; Call Super; Ryan Elliott; Rich NXT; Marlie"
2455016;Rossi
2408458;"Marco Carola; Luciano; Rossi; Sosa; Obskur; FLETCH"
2395821;"Speedy J; Sander van Doorn; Marco Bailey; Marco V; Darren Emerson; Alexander Koning; Erick E; Benny Rodrigues; David Penn; Funkerman"
2365368;"Jamie Jones; Rossi; Nicole Moudaber; wAFF; Sosa; FLORENTIA; Murphy's Law; Rich NXT; Jordan Peak"
2379482;"ADMNTi; Cap; Doudou MD; Enzo Siragusa; Saoirse; Call Super; Christian AB; Dr Banana; Elina; Francesco Del Garda"
2449968;Rossi
2459013;"999999999; ARODES; Ben UFO; Carlita; Rossi; ChaseWest; Chris Lake; Disclosure; Dean Turnley; Genesi (IT)"
2460675;"Final Request; Denis Sulta; AJ Christou; Mason Collective; Traumer; Mia Mendi"
2384218;"Ricardo Villalobos; Raresh; Enzo Siragusa; Traumer; Mar-T; Lola Palmer; Fatima Hajji; Deborah De Luca; Cera Khin; Luca Donzelli"
2358707;"Joseph Capriati; Josh Baker; Traumer; Fleur Shore; Marco Tropeano"
2367768;"Alex Kassian; DJ Tennis; Traumer; Javier Carballo; Lola Palmer; Luca Lozano; Mr. Ho; Roi Perez; PARAMIDA; Sedef Adasï"
2364302;"Traumer; Priku; Andrey Pushkarev; Mihai Popoviciu; Lola Palmer; Andrew Azara; Obscure Shape; Celine Roman"
2384224;"Jean Michel Jarre; Joplyn; Ricardo Villalobos; Enzo Siragusa; Shonky; Traumer; Mar-T; I Hate Models; Nina Kraviz; Marco Faraone"
2365969;"Âme; Amonita; Anitë; Antrim; Altin Boshnjaku; Armen Miran; Bani D; Britta Arnold; Chaim; Chicola"
2447924;"Traumer; Salomé Le Chat; II FACES"
2461505;"The Martinez Brothers; Carlita; Traumer; INDRA TRAFERRI; Tania Vulcano; Hugo Martinez; Janeret; Hugo Esmeraldo; Pisano"
2442495;"Jamie Jones; Traumer; Subb-an; JNJS; Enzo Leep; Call Super; Dekmantel Soundsystem; KT; Baldo"
2374735;"Oliver Koletzki; Joplyn; Rodrigo Gallardo; Traumer"
2379121;"Oliver Koletzki; Traumer; Joplyn; Rodrigo Gallardo; Barac; Nico Stojan"
2379127;"Oliver Koletzki; Traumer; Joplyn; Rodrigo Gallardo; Barac; Nico Stojan"
2379139;"Oliver Koletzki; Traumer; Joplyn; Rodrigo Gallardo; Barac; Nico Stojan"
2412599;Traumer
2391980;"Bradley Zero; Dj Norma; dj sweet6teen; Greta Spark; Immy; Joiah; Power Squad; Traumer; Yamour"
2339675;"Acid Pauli; ANNA; Cinthie; Deer Jade; DJ Nobu; DJ Red; Eduardo de la Calle; Edward; Fadi Mohem; Freddy K"
2310709;"999999999; AAT (NL); Armand Van Helden; Benny Rodrigues; Carmen Lisa (2); Cher Semain; Cincity; Cynthia Spiering; D.Lacrux; Daughter In Law"
2365327;"2HOT2PLAY; Benny Rodrigues; BIIANCO; Cynthia Spiering; DART; Bella Claxton; De Schuurman; Esi (De Re); Ollie Lishman; OLIVIA LENSEN"
2418057;"Benny Rodrigues; Michel de Hey"
2413889;Benny Rodrigues
2463132;"Benny Rodrigues; ESSNCE; Karim Soliman; RAINVILLE; Sanne Dammers"
2370055;"Ben Hemsley; Benny Rodrigues; Cynthia Spiering; DAF; D Stone; davyboi; Diffrent; DJ BORING; DJ Gigola; Faster Horses"
2351388;"AAT (NL); ALISHA; Ammé; Benny Rodrigues; Dennis Quin; Capron; Chinonegro; Cici Daze; Easttown; Franky Rizardo"
2427539;"AAT (NL); Benny Rodrigues; DJ Chuckie; Divine Kaos; Erick E; Gregor Salto; Korsakoff; Michel de Hey; Neophyte; Prunk"
2381114;"Benny Rodrigues; Stef Davidse"
2431383;"Benny Rodrigues; Emvae; Entasia; Inafekt; Merel Helderman; OLIVIA LENSEN; Miguel De Bois; Rozie; Upper90; Surf 2 Glory"
2366738;Benny Rodrigues
2375299;"Blood Orange; Dijon; Eefje de Visser; KNEECAP; Maribou State; Nia Archives; Ben UFO; Boys Noize; Buraka Som Sistema; Chloé Caillet"
2385645;"ALISHA; Ammé; ANNASNEL; Benny Rodrigues; Cici Daze; DART; davyboi; Fiene; Franck; Janis Zielinski"
2458317;"A.M. Project; Brawther; Prosumer; Larry De Kat; Nathalie Seres; Samuel Deep; Benny Rodrigues; Sanja; Sonja Moonear; Tristan da Cunha"
2466408;"De Sluwe Vos; Danielle"
2363397;"Sandrien; Hervé; Pariah; Ogazón; Julie; Jasmín; Jesse G; STERAC; Rene Wise; upsammy"
2427927;"DJ Seinfeld; X CLUB.; Mona Yim; Joplyn; Swimming Paul; KENZA; miszo; Mandel Turner; Basti Rauch"
2464909;"Humla; ROMSKI; TK27; Flava D; Hamdi; Kewu; NobodyListen; Saul; BALI G; Conducta"
2408026;"KETTAMA; X CLUB.; Gerardo Niva; KIM SWIM"
2408058;"X CLUB.; Gerardo Niva; KIM SWIM; doccudder"
2412593;"Zequenx; Owelle; re:ni; Dinamarca; Braises de Velours; TOCCORORO; X CLUB.; whereisvero; Reznik; PARAMIDA"
2364672;"KETTAMA; VTSS; X CLUB.; Shampain"
2409153;"X CLUB.; Juicy Romance; Valrik"
2465185;X CLUB.
2370382;"Sammy Virji; X CLUB.; Sam Gellaitry"
2352799;"Chris Lorenzo; Ardalan; Above & Beyond; Big Gigantic; Boys Noize; Chris Lake; Excision; MCR-T; X CLUB.; A-Trak"
2438055;"X CLUB.; Streeter"
2408183;"FUMI; Interplanetary Criminal; LB aka LABAT; Partiboi69; X CLUB."
2343654;"Miss Bashful; Penglord; MALUGI; X CLUB.; MCR-T; Blasha & Allatt; X-Coast; Stef de Haan; DJ AYA; Janis Zielinski"
2454626;X CLUB.
2457229;"X CLUB.; Deetron"
2420411;"DJ MELL G; DJ Stingray 313; Francesco Farfa; Janina; Jensen Interceptor; Linda shiro"
2463873;"Bitter Babe; Clementaum; Jensen Interceptor"
2453667;"NORA (BR); Alada; IDLIBRA; KBRAL; Rafush; KMILA; NVST; Dj Saliva; Majdolen; Jensen Interceptor"
2388817;"Decius; HAAi; Jensen Interceptor; Jogaila; Lucia Lu; Manfredas; Moteris; Under Black Helmet; V musique; Valdagger"
2436428;"Elli Acula; EMAN (FR); I-RO; LOLSNAKE; NEUX; Rakans"
2451095;"Chippy Nonstop; LOLSNAKE; Neri J"
2436493;"Chontane; DVS1; Elisa Bee; Kwartz; LOLSNAKE; Nastya Vogan; Truncate; CRYME; Helena Hauff; Lea Occhi"
2462618;"Fixon; LOLSNAKE; Rorschack; Yamila; sleep.less; Functional Disorder; Yonti"
2448184;"Alírio; ASHTREY; BAiiN TWINS; Dj Saliva; Donna (UK); ENGALANAN; JONE OF ARX; Lagoon Femshayma; LATO; LEXII."
2442122;"COCKO; Kandelissa; LOLSNAKE; Spacer Woman"
2419290;"KlangKuenstler; Ferhat Albayrak; Félicie; LOLSNAKE"
2400928;"ANNĒ; Quelza; Nørbak; LOLSNAKE; Takaaki Itoh; Ribé; Toobris; abs8lute; Blazej Malinowski; Jurek Przezdziecki"
2448071;"LOLSNAKE; Kat Kat Tat; Ksenia Kamikaza; Freiya March; Orthodox; Taiga (LV)"
2434898;"PAWSA; Dennis Cruz"
2324150;"Rampa; Reznik; whereisvero; Ronny Grauer; Patrischa; Micky Miller; PAWSA; Peggy Gou; Sebastian Konrad; Read the News"
2412656;PAWSA
2462677;"Michael Bibi; PAWSA; Miguelle; TONS; Chris Stussy"
2408441;"Marco Carola; PAWSA; Franky Rizardo; Joey Daniel; Grace Arribas"
2436579;"Dennis Cruz; Michael Bibi; PAWSA"
2434107;"Dennis Cruz; Michael Bibi; PAWSA"
2460008;"CCL; CJ Bolland; Mary Lake; D.Dan; Dj Babatr; DJ TOOL; Hyperaktivist; Matas; OK Williams; Yazzus"
2340864;"Aaron Blau; Angel D'lite; DAWS; DJ AYA; Dj Warning; Julie Desire; Meilgaarden; Planningtorock; puppy; Tommy Hart"
2415101;"Acronym; Anastasiia Slutska; Andrew James Gustav; Danny Daze; DJ Fart in the Club; DJ Rino; ezzeo; Gapon; Kirill Nilsson; tofudj"
2440419;"BARROSKINI; DIORA; DJ TOOL; D. Tiffany; Yazzus; Hyperaktivist"
2452516;"Tarkno; Lucia Lu; Specific Objects; Anta (FR)"
2442456;Max Cooper
2448613;Max Cooper
2448616;Max Cooper
2460227;Max Cooper
2441947;Max Cooper
2457149;Max Cooper
2431902;"Jeff Mills; Max Cooper"
2282278;"Max Cooper; Blawan; Mala; Oppidan; 96 Back; Anz; Commodo; Big Ang; Charla Green; gyrofield"
2431595;"Anthony Rother; Fennesz; Lillevan; Machine Girl; Suicide; Max Cooper; Nicola Cruz; Shygirl; Tortoise"
2435728;"Perc; Creams; Markus (US); Elle Dee; Ouissam; The Carry Nation; Karim Olen Ash"
2447595;"Perc; Sapera"
2419113;"Perc; Ma Haiping; Kyle Kerns"
2438926;Perc
2412755;"Perc; Miss Crafty; JustJovani; SNAQ; RMNA; Papa Xanny; Moonpie; Christopher Foor"
2465759;Perc
2386580;"Carl Craig; Mike Banks; Sawsick; Octo Octa; CARAVEL; Laze; William Luck; Sonia Michigan; FLORA (fr); Amor Satyr"
2464615;"KlangKuenstler; future.666; Perc; Randomer; SALOME; XVIA; Stephanie Sykes; Lacchesi; Somewhen; u.r.trax"
2258780;"Addison Groove; ATYYA; Black Loops; Christian Smith; FL!M; Harrison BDP; HypoGeo; Jewel Kid; John '00' Fleming; Kepler (EE)"
2456382;"Cheriii; DJ Sotofett; OlIV; Erik Jabari; Perc; Specific Objects"
2465506;"KRTM; Ghost in the Machine; Krista Bourgeois; Linds; Perc; Ansome"
2447532;Perc
2428588;"Adriana Lopez; Deniro; Seba Lecompte; KADANS; Laura van Hal; Luna Temmerman; Sira; Daesical; pntrkrft"
2449879;"Jeroen Search; Border One; Laura van Hal; PAREKA"
2447829;"FENIM0RE; Rebecca Delle Piane; Human Safari; Megan Leber"
2409409;Cybersex
2458192;"Cybersex; Shinshan Salazar; Melis Köke; TEKNA; CLEO"
2444948;"Patrick Mason; Cybersex; Gerardo Niva; FUKCNORMAL; doccudder"
2233105;"A.N.I.; SaltySis; Cloudy; Aiden (DE); Evissimax; Alba Franch; Alex Farell; Azyr; Bella Claxton; EMILIJA"
2351137;"Massimiliano Pagliara; angelboy; DIORA; ASHTATTZ; Protopapa; Doppelgang; Lola Edo; TEKNA; TOM CHIESA; Dimitri Tenot"
2458495;"TEDESCO; GS.ELLE; Slimfit; Hidden Memory"
2442485;"TAYHANA; Slimfit; justin case"
2460681;"Slimfit; angelboy; Saint Nia; KOFU; Exploited Body; Joseysradios"
2415556;"CRYME; DJ Fuckoff; SALOME; Slimfit; Spacer Woman; Matrixxman; The Lady Machine"
2440414;"BADSISTA; FAFF; Jen Cardini; Slimfit; smother"
2400580;"Alycia Bezgo; Hurts; Aphøtic; TASSERY; Beau Didier; Dissolver; Laure Croft; Lisa Korver; Locus Error; Mika Heggemann"
2456898;"Juliana; Polli Panda; Prance; Seven Angels; Slimfit"
